title,nickname,content_type,liked_count,collected_count,comment_count,share_count,total_engagement,engagement_rate,collect_rate,comment_rate,publish_datetime,publish_date,publish_hour
居家健身指南,健身教练,教程指导,400,200,50,30,680,3.74,29.41,7.35,,,
瑜伽体式详解,瑜伽老师,其他,350,200,40,20,610,3.79,32.79,6.56,,,
瑜伽vs普拉提,运动博主,对比测评,300,180,45,25,550,3.99,32.73,8.18,,,
瑜伽冥想入门,瑜伽导师,教程指导,250,150,35,20,455,3.88,32.97,7.69,,,
健身房普拉提体验,健身达人,亲身体验,200,120,30,15,365,4.92,32.88,8.22,,,
普拉提核心训练,健身博主,其他,180,90,25,12,307,6.32,29.32,8.14,,,
普拉提入门教程,普拉提老师,教程指导,150,80,20,10,260,5.29,30.77,7.69,,,
健身新手指南,健身新手,教程指导,120,60,15,8,203,6.67,29.56,7.39,,,
